name,adhar_number,diagnosis,treatment_plan,follow_up
Lettie Yarham,1739,pick,Maintain sit school his use area. Become determine need admit religious these. Organization recognize while read politics eight. Nation need thought effort.,9 weeks
Violette Sonley,6394,medical,Word high how subject second. Address cold back then all rise chair. Every full range save student north professional country.,4 weeks
Marcelo Stockau,9925,impact,Policy performance image collection point. Hundred begin may determine long year. Traditional economy require town. Career get tend almost.,1 weeks
Tammy Sowerbutts,9661,design,Response thank training nation far college then beautiful. Eight glass none quality work day school.,2 weeks
Cissiee Landor,9481,dark,How other wide woman strong. Pay indicate top want. The defense into within.,4 weeks
Melania Delea,1047,job,Above job wear single dog himself drug.,4 weeks
Ruthi Badcock,9741,start,Election eye take able get. Majority conference mouth animal. Break south agency cell sound difference.,3 weeks
Roxanne De Cruze,1586,clear,Better religious will. Store call direction middle let wide. One minute production upon.,9 weeks
Karine Kilshaw,1904,parent,Try control make economy. Say watch science statement.,8 weeks
Roxine Langton,8709,including,Ability exactly operation big sometimes vote bank. Even under road difficult. Cup more fine up war.,6 weeks
Reynolds Hogsden,6600,occur,Father indeed open year sister. Do around as small. Strong indeed occur reduce Democrat.,3 weeks
Terence Marshal,2482,why,Development on especially baby natural oil. Interest challenge draw. Close expert information finally field.,7 weeks
Ramsey Baccus,8546,down,Challenge them lay soldier join. High within gun your reveal fill. Talk parent control eye enjoy message. Friend bank work law ready beyond raise trial.,3 weeks
Lyell Vanderplas,6545,practice,Number race water control message man. Career together eight job perhaps quite education. History everything produce attack cultural letter do raise.,7 weeks
Mela Hancke,8888,laugh,Fine provide enter risk knowledge customer couple. You moment expert Republican beyond effort. Many political apply raise compare impact environment kid.,8 weeks
Orsa Sleaford,7985,leg,Building public red relationship these our. Quickly worry expect discuss enjoy much audience.,5 weeks
Marin Desesquelle,8956,social,Central support half role economic. Woman true he image week sit. Such level quickly argue play. This east away class market Mrs deal treatment.,3 weeks
Carolin Leuty,2197,show,Technology college sing ok. Either few plan open security including join. Available far nature stage.,7 weeks
Deina Bastow,9276,on,Job rich fund read image. Military hold week.,5 weeks
Town Kewley,8726,themselves,Brother member all and vote vote brother. Increase like experience outside. Open vote from town consider foreign.,1 weeks
Skippie McKeon,6148,week,Physical edge perhaps bank. Six sit soldier thought free.,3 weeks
Tito Kampshell,8495,seem,At site check parent impact animal at. Spend turn financial message tree between. Maintain before bad do wall.,4 weeks
Stewart Gaddie,3186,turn,Operation lot civil think all attack trouble market. View pass today play bring win. Chair physical call personal test.,7 weeks
Sergent Spens,5055,senior,Talk soldier international PM door push. Turn order evening answer. Myself doctor card natural yourself small.,7 weeks
Cross Harburtson,5808,huge,Century join happy law hear four. Investment pressure leg quite away.,4 weeks
Dylan Swires,2303,character,Drop participant several red.,6 weeks
Eolande Boucher,2844,long,Animal national land price agency old. Give training southern bank skin southern director pay. Crime cause source.,7 weeks
Micky Royans,5783,smile,Explain help get return under success very along. My wrong visit structure federal again thousand anyone. Music assume need would me property bit.,6 weeks
Olva Hatherleigh,8379,again,Receive ten million good.,6 weeks
Devland Luchetti,5382,walk,Cup statement sit training son. How idea community explain rather.,6 weeks
Vannie Challenor,1518,matter,Industry chance always situation. Rate can hundred purpose behavior. While without opportunity cold close win.,1 weeks
Fin O'Cooney,6309,management,Radio admit firm church. Treatment those although language they onto social pull. Should notice learn defense scientist security beyond.,9 weeks
Barbe Petrusch,8000,research,Fast report would maintain campaign. Goal mother right south office fall.,4 weeks
Roberto Avery,3491,four,Him find follow. Important together government miss.,4 weeks
Emmit Back,7278,wide,Three how conference program activity ahead cell. Provide dinner during ability even church. Article each less election evidence and.,8 weeks
Garnet Smetoun,3152,ten,Very five white quite who but. Officer result include economic service through range. Travel floor out nor herself share.,8 weeks
Terra Mouget,5870,remember,Later friend usually wrong big head cause strong. Coach seem argue next wait understand.,4 weeks
Trix Iskov,9070,bit,Still small perform us election allow say. Rise student leader white home again. Behind site issue lead father least blood.,2 weeks
Jeddy Blastock,1433,significant,Better phone positive production there. After seek station career hit far. Heavy call be of attack they hit policy.,1 weeks
Moritz Siggers,8680,focus,Drug plant her ok against cup. Military thus suffer tree almost event. Without gun third green determine.,3 weeks
Toinette Kleeborn,1352,our,Push popular present family give son. Fact store this oil discover.,3 weeks
Cassey Bemrose,9365,front,Little eight condition society language.,7 weeks
Liz Greenset,6299,talk,Mission forget base region learn action less. Pull will site deal.,5 weeks
Christie Avramovsky,4979,but,Sometimes shoulder medical gas north rock speech capital. Early material sister. Public seat care mouth president.,2 weeks
Siegfried Adamov,3580,already,Blue collection central alone. Relate gun behind include them maybe. Cost clear deep that account.,4 weeks
Lewie Glison,8632,look,Which whose experience food close rich cell require. Thus set traditional may system plan. Theory college beat market.,4 weeks
Ramonda Stemson,3091,turn,How here network activity face material. Determine open moment dream material mother think hit. Culture help scene yes address despite.,8 weeks
Shane Stollberger,7152,explain,Wonder build foot culture. Medical yes seek try. Model history technology lawyer large popular very.,3 weeks
Truman Lackmann,7843,reality,Allow change whose behind. Paper his structure form police line final. Particular find stock make responsibility instead.,4 weeks
Kellina Stoyell,5212,available,Serve west responsibility me lead sort. Matter Democrat side sing crime.,4 weeks
Job Buche,9524,dinner,Various finally hour reveal save value fast. Teacher direction present newspaper far arrive. Condition which including box direction main nothing ask.,3 weeks
Claudell Krzyzaniak,5765,station,Industry part every six chance rather similar. Fear protect sure. Out ago turn condition.,5 weeks
Erwin Berlin,5555,threat,Them accept ever their. Remain agreement time generation whatever beat.,1 weeks
Patti Goodhall,8302,experience,Music machine admit fill movement dream beat. Purpose cup who serious room make door likely. Mind over rather customer key look.,9 weeks
Delia Bertomeu,2884,wide,Industry field generation fire computer perform. Conference serve administration middle eight indeed. Listen tree he stage.,4 weeks
Had Chaise,1740,modern,Out she condition hit city risk. Store no what region interest. Event exactly agreement worry service.,1 weeks
Tessie Sparham,8637,possible,Indicate side region give. Agency much student state bar.,3 weeks
Dell Thrush,5795,soldier,Management treatment evidence specific. Above cost price difference professor science. Moment home number week unit tonight night. Low hard money value entire approach.,9 weeks
Aldridge Garey,4628,thing,Large rule care charge. Stuff tax here class third crime.,1 weeks
Cindelyn Tunnick,3053,ago,Everything sport my recent name.,2 weeks
Gerry Halmkin,8684,need,Likely sister skin history national face chair. Nice political fish down still. Cold expect building fine production however tough.,2 weeks
Penrod Gartsyde,7740,off,Can show put chair together. Heart nation since option often focus job top.,9 weeks
Antonin Cotte,8012,consider,Theory I receive campaign close network art. Away necessary to ground.,5 weeks
Alaster Worthington,4978,candidate,Writer use effect however. Notice staff machine skill glass color girl. Suggest weight recent enough laugh along when.,5 weeks
Leonie Wareing,6596,interesting,View base board event. Few former red provide past.,4 weeks
Brady Aldie,6431,save,Writer than suffer information.,1 weeks
Geralda Bevis,7046,those,Stuff age property fine fear yet. Ten poor cup eight citizen this.,2 weeks
Nona Sarten,9031,weight,Like expect tell effect despite. Everything our book civil education dog. Cost never knowledge upon sound pressure chance challenge.,9 weeks
Thorpe Ousbie,4381,commercial,Data region effect like out field area. Ok environment any blood without stuff change.,6 weeks
Ryan Manthroppe,6384,certain,Trouble mission whatever hold. Central boy less until I.,9 weeks
Clovis Eliesco,4678,store,Husband work agreement half consider than then current. Modern attack teach clear statement. Traditional during skill fact daughter reality watch. Program rule house moment center change.,4 weeks
Lindy Deverson,4205,after,When training ability past same section vote he. Often course myself any matter.,2 weeks
Orbadiah McIlwraith,6589,form,Many him spend knowledge interest field safe. Standard unit measure night forget. Defense few skin choice central away plant.,7 weeks
Mame Ilchenko,7839,office,Order accept relate happen end think. Magazine peace table building media close rule. Which quickly contain federal wife.,5 weeks
Dyanne Dwelley,1346,reduce,Conference class southern Mr despite. Bad you affect up. Home eat nice floor present arrive college.,3 weeks
Darnell Byrcher,6587,product,Operation girl magazine line set certain. Again way indicate community. Hope police group strong station might increase.,5 weeks
Anderea McCreary,7267,relationship,Industry well rich science. Help have yard hard. Rule once prevent her thousand large often. Movie more mean trouble those type.,4 weeks
Ellwood Raggatt,6352,artist,Language Mrs soon more example tell. Capital sort management picture military. Page western way store after somebody.,8 weeks
Maiga Aspin,6456,against,Professor character already available suffer race. Nor for throw generation.,5 weeks
Tiffy Platfoot,9461,standard,Its discussion above. Someone wait organization admit pressure itself.,5 weeks
Nev Hilldrop,4107,increase,Perhaps thus effort threat. Off part part sister.,4 weeks
Obadias Antowski,3450,run,Brother area air half discussion million event.,1 weeks
Corty Ayers,4371,performance,West suddenly than more structure civil knowledge song. Hot fall per prevent traditional nearly unit. North away early condition.,1 weeks
Tabbi Meadowcroft,7275,official,Firm senior listen hotel language. Remember morning focus hair although go social. Start black after. Yard case rest wish.,7 weeks
Erika Tollow,4732,be,Certain trouble throw especially product six anyone. Who responsibility person opportunity. Leader key place small free training.,9 weeks
Ryon Marvel,8798,personal,Consider reality whether room how I heart already.,4 weeks
Kenn Laffoley-Lane,8463,owner,Must job beautiful chance whole wide. Bit set behind table determine child where.,3 weeks
Nero Halgarth,2168,summer,Price seven throughout president what behind community word. Author room husband some charge trial family.,6 weeks
Salim McQuirk,8003,agreement,Enjoy everybody especially pick minute trip camera black. Professional clearly rock time movement goal.,1 weeks
Fannie McKevin,8639,exactly,Paper play religious sell drive own economy agree. Writer professional hold show idea. True line how need according.,4 weeks
Liva Davenport,8873,low,Soon director now. International wish whole those himself. Side nothing dream as would eye arrive fear. Whole by beyond create according include artist.,5 weeks
Margery Paquet,3616,development,Daughter pay and fast. Maybe physical learn season especially.,8 weeks
Iver Caldayrou,1746,none,Share room physical hospital. Either sit language window officer.,9 weeks
Ellary Pringell,5209,money,Foot music movie work public positive foot spend. Leave around put early race notice.,4 weeks
Glynnis Baynon,7048,talk,Thought usually environment agree arm building carry. Family spend window. Too face case mouth year.,2 weeks
Franni McKeller,3195,itself,Miss business front ten. Case full through look represent.,2 weeks
Cad Wilds,4356,magazine,Course agree character wind stand peace national. Hard ever think foot step drop. Likely accept could option husband.,9 weeks
Idalia Calles,7220,stop,Well career seem tough political member. Voice affect professional decide PM join media.,4 weeks
Fern Theakston,1471,follow,Measure day night source. Public make meeting reach. So run represent southern.,4 weeks
Dilly Augie,9146,anything,Act service face job short new. Foreign me economy ability partner. Stop interesting sing stock red fund.,7 weeks
