adhar_number,patient_id,name,age
1739,1,Lettie Yarham,9
6394,2,Violette Sonley,71
9925,3,Marcelo Stockau,119
9661,4,Tammy Sowerbutts,115
9481,5,Cissiee Landor,113
1047,6,Melania Delea,0
9741,7,Ruthi Badcock,116
1586,8,Roxanne De Cruze,7
1904,9,Karine Kilshaw,12
8709,10,Roxine Langton,102
6600,11,Reynolds Hogsden,74
2482,12,Terence Marshal,19
8546,13,Ramsey Baccus,100
6545,14,Lyell Vanderplas,73
8888,15,Mela Hancke,105
7985,16,Orsa Sleaford,93
8956,17,Marin Desesquelle,106
2197,18,Carolin Leuty,15
9276,19,Deina Bastow,110
8726,20,Town Kewley,103
6148,21,Skippie McKeon,68
8495,22,Tito Kampshell,99
3186,23,Stewart Gaddie,29
5055,24,Sergent Spens,54
5808,25,Cross Harburtson,64
2303,26,Dylan Swires,17
2844,27,Eolande Boucher,24
5783,28,Micky Royans,63
8379,29,Olva Hatherleigh,98
5382,30,Devland Luchetti,58
1518,31,Vannie Challenor,6
6309,32,Fin O'Cooney,70
8000,33,Barbe Petrusch,93
3491,34,Roberto Avery,33
7278,35,Emmit Back,83
3152,36,Garnet Smetoun,28
5870,37,Terra Mouget,64
9070,38,Trix Iskov,107
1433,39,Jeddy Blastock,5
8680,40,Moritz Siggers,102
1352,41,Toinette Kleeborn,4
9365,42,Cassey Bemrose,111
6299,43,Liz Greenset,70
4979,44,Christie Avramovsky,53
3580,45,Siegfried Adamov,34
8632,46,Lewie Glison,101
3091,47,Ramonda Stemson,27
7152,48,Shane Stollberger,82
7843,49,Truman Lackmann,91
5212,50,Kellina Stoyell,56
9524,51,Job Buche,113
5765,52,Claudell Krzyzaniak,63
5555,53,Erwin Berlin,60
8302,54,Patti Goodhall,97
2884,55,Delia Bertomeu,25
1740,56,Had Chaise,9
8637,57,Tessie Sparham,101
5795,58,Dell Thrush,63
4628,59,Aldridge Garey,48
3053,60,Cindelyn Tunnick,27
8684,61,Gerry Halmkin,102
7740,62,Penrod Gartsyde,89
8012,63,Antonin Cotte,93
4978,64,Alaster Worthington,53
6596,65,Leonie Wareing,74
6431,66,Brady Aldie,72
7046,67,Geralda Bevis,80
9031,68,Nona Sarten,107
4381,69,Thorpe Ousbie,45
6384,70,Ryan Manthroppe,71
4678,71,Clovis Eliesco,49
4205,72,Lindy Deverson,42
6589,73,Orbadiah McIlwraith,74
7839,74,Mame Ilchenko,91
1346,75,Dyanne Dwelley,4
6587,76,Darnell Byrcher,74
7267,77,Anderea McCreary,83
6352,78,Ellwood Raggatt,71
6456,79,Maiga Aspin,72
9461,80,Tiffy Platfoot,112
4107,81,Nev Hilldrop,41
3450,82,Obadias Antowski,32
4371,83,Corty Ayers,44
7275,84,Tabbi Meadowcroft,83
4732,85,Erika Tollow,49
8798,86,Ryon Marvel,103
8463,87,Kenn Laffoley-Lane,99
2168,88,Nero Halgarth,15
8003,89,Salim McQuirk,93
8639,90,Fannie McKevin,101
8873,91,Liva Davenport,104
3616,92,Margery Paquet,34
1746,93,Iver Caldayrou,9
5209,94,Ellary Pringell,56
7048,95,Glynnis Baynon,80
3195,96,Franni McKeller,29
4356,97,Cad Wilds,44
7220,98,Idalia Calles,82
1471,99,Fern Theakston,6
9146,100,Dilly Augie,108
